{
    "loss": 0.6390745639801025,
    "accuracy": 0.9224137663841248
}